FIRSTNAME,LASTNAME,BIRTHDAY,UNIVERSITY,,,
Tate,Chapman,6/7/1995,Ateneo De Manila University,,,
Kyndall,Garrison,10/10/1993,Ateneo De Manila University,,,
April,Warren,9/3/1995,Ateneo De Manila University,,,
Skylar,Oconnor,9/26/1996,Ateneo De Manila University,,,
Alaya,Ryan,4/7/1996,Ateneo De Manila University,,,
Lawrence,Cohen,5/20/1992,Ateneo De Manila University,,,
Marlon,Cantu,7/17/1994,Ateneo De Manila University,,,
Penelope,Nguyen,4/26/1998,Ateneo De Manila University,,,
Clara,Barrera,5/14/1996,Ateneo De Manila University,,,
Will,Dickson,7/15/1997,Ateneo De Manila University,,,
Sarai,Atkinson,8/8/1994,Ateneo De Manila University,,,
Mia,Roach,12/25/1998,Ateneo De Manila University,,,
Skyla,Johnson,4/30/1998,Ateneo De Manila University,,,
Elyse,Noel,6/5/1995,Ateneo De Manila University,,,
Madison,Burns,4/20/1997,Ateneo De Manila University,,,
Lilliana,Warner,3/13/1996,Ateneo De Manila University,,,
Branson,Joyner,6/16/1994,Ateneo De Manila University,,,
Stella,Rivas,5/12/1996,Ateneo De Manila University,,,
Marc,Clayton,1/5/1998,Ateneo De Manila University,,,
Dax,Barnes,8/19/1994,Ateneo De Manila University,,,
Vanessa,Lloyd,9/22/1998,Ateneo De Manila University,,,
Erica,Cummings,2/9/1995,Ateneo De Manila University,,,
Clark,Garcia,7/8/1998,Ateneo De Manila University,,,
Bruce,Franco,7/2/1992,Ateneo De Manila University,,,
Chana,Collier,3/28/1993,Ateneo De Manila University,,,
Mitchell,Underwood,6/14/1994,Ateneo De Manila University,,,
Annabelle,Sweet,9/18/1995,Ateneo De Manila University,,,
Morgan,Sims,11/12/1993,Ateneo De Manila University,,,
Dylan,Hurley,6/18/1996,Ateneo De Manila University,,,
Michelle,Pearson,2/3/1994,Ateneo De Manila University,,,
Lillianna,Cervantes,4/11/1995,Ateneo De Manila University,,,
Kenzie,Conrad,4/20/1995,Ateneo De Manila University,,,
Vincent,Walter,11/19/1996,Ateneo De Manila University,,,
Enrique,Dalton,3/11/1996,Ateneo De Manila University,,,
Scarlet,Mcclain,6/13/1994,Ateneo De Manila University,,,
Alyson,Church,4/20/1996,Ateneo De Manila University,,,
Abel,Dixon,11/9/1996,Ateneo De Manila University,,,
Callan,Melton,11/26/1993,Ateneo De Manila University,,,
Chase,Wade,4/13/1994,Ateneo De Manila University,,,
Amya,Wilkins,7/12/1992,Ateneo De Manila University,,,
Luciano,Moreno,10/1/1994,Ateneo De Manila University,,,
Shaniya,Pittman,6/22/1994,Ateneo De Manila University,,,
Danika,Snyder,9/14/1996,Ateneo De Manila University,,,
Grayson,Ward,1/11/1998,Ateneo De Manila University,,,
Rex,Odom,7/27/1998,Ateneo De Manila University,,,
Makayla,Wright,12/3/1998,Ateneo De Manila University,,,
Kamron,Dominguez,1/15/1998,Ateneo De Manila University,,,
Dominik,Kaufman,2/9/1996,Ateneo De Manila University,,,
Kylan,Booker,5/12/1995,Ateneo De Manila University,,,
Demarcus,Mcneil,7/4/1997,Ateneo De Manila University,,,
Jagger,Collier,12/11/1996,Ateneo De Manila University,,,
Amelia,Stephens,7/17/1996,Ateneo De Manila University,,,
Halle,Pickett,12/12/1998,Ateneo De Manila University,,,
Jade,Workman,12/27/1992,Ateneo De Manila University,,,
Brycen,Figueroa,9/12/1993,Ateneo De Manila University,,,
Stacy,Poole,6/15/1998,Ateneo De Manila University,,,
April,Gibson,2/22/1996,Ateneo De Manila University,,,
Kyra,Cain,6/8/1994,Ateneo De Manila University,,,
Fabian,Shields,1/28/1994,Ateneo De Manila University,,,
Armando,Pickett,9/17/1997,Ateneo De Manila University,,,
Zion,Craft,10/14/1992,Ateneo De Manila University,,,
Ayaan,Mullins,3/31/1996,Ateneo De Manila University,,,
Marisol,Graham,2/26/1995,Ateneo De Manila University,,,
Titus,Chavez,8/4/1993,Ateneo De Manila University,,,
Giancarlo,Sutton,8/13/1997,Ateneo De Manila University,,,
Sebastian,Sandoval,2/25/1996,Ateneo De Manila University,,,
Mustafa,Adams,1/3/1994,Ateneo De Manila University,,,
Logan,Simon,7/30/1997,Ateneo De Manila University,,,
Raquel,Koch,12/28/1997,Ateneo De Manila University,,,
Hugo,Gomez,6/17/1995,Ateneo De Manila University,,,
Colin,Farrell,4/19/1992,Ateneo De Manila University,,,
Yahir,Conley,5/4/1995,Ateneo De Manila University,,,
Cali,Stout,1/10/1998,Ateneo De Manila University,,,
Enzo,Pierce,10/29/1994,Ateneo De Manila University,,,
Malia,Goff,7/19/1992,Ateneo De Manila University,,,
Myles,Palmer,5/16/1997,Ateneo De Manila University,,,
Briella,Montoya,1/7/1996,Ateneo De Manila University,,,
Alessandro,Macias,3/5/1993,Ateneo De Manila University,,,
Malcolm,Crosby,5/24/1994,Ateneo De Manila University,,,
Makayla,Andrews,8/13/1997,Ateneo De Manila University,,,
Kody,Nash,12/17/1995,Ateneo De Manila University,,,
Aidan,Anthony,5/9/1993,Ateneo De Manila University,,,
Brenden,Jenkins,10/8/1992,Ateneo De Manila University,,,
Leo,Guy,4/10/1992,Ateneo De Manila University,,,
Simon,Wilder,4/6/1997,Ateneo De Manila University,,,
Haven,Blake,5/19/1992,Ateneo De Manila University,,,
Jasmin,Dotson,4/21/1998,Ateneo De Manila University,,,
Otto,Farley,3/9/1994,Ateneo De Manila University,,,
Nathanael,Frederick,8/5/1994,Ateneo De Manila University,,,
Emersyn,Roman,3/25/1998,Ateneo De Manila University,,,
Sarahi,Compton,8/7/1995,Ateneo De Manila University,,,
Steve,Burt,10/31/1994,Ateneo De Manila University,,,
Coleman,Stark,8/22/1997,Ateneo De Manila University,,,
Mason,Blevins,7/10/1997,Ateneo De Manila University,,,
Ayanna,Mcknight,12/6/1994,Ateneo De Manila University,,,
Cole,Kent,5/12/1993,Ateneo De Manila University,,,
Jordyn,Madden,5/29/1993,Ateneo De Manila University,,,
Adelaide,Nelson,7/26/1996,Ateneo De Manila University,,,
Kinsey,England,8/17/1997,Ateneo De Manila University,,,
Ashlynn,Dillon,12/16/1992,Ateneo De Manila University,,,
Marissa,Bright,9/5/1993,Ateneo De Manila University,,,
Paisley,Carpenter,6/30/1994,Ateneo De Manila University,,,
Aliyah,Carrillo,6/1/1993,Ateneo De Manila University,,,
Ishaan,Hodges,5/25/1995,Ateneo De Manila University,,,
Brody,Carroll,7/20/1995,Ateneo De Manila University,,,
Holly,Mccray,9/7/1995,Ateneo De Manila University,,,
Delilah,Lynch,3/30/1994,Ateneo De Manila University,,,
Rayna,Roman,1/23/1995,Ateneo De Manila University,,,
Payten,Wilkins,9/4/1994,Ateneo De Manila University,,,
Amari,Owen,12/12/1994,Ateneo De Manila University,,,
Dennis,Warren,10/14/1996,Ateneo De Manila University,,,
Paityn,Wilcox,12/16/1996,Ateneo De Manila University,,,
Jaydin,Whitehead,7/14/1992,Ateneo De Manila University,,,
Rowen,Hurley,7/1/1992,Ateneo De Manila University,,,
Emely,Mcgowan,1/4/1995,Ateneo De Manila University,,,
Alexis,Shaffer,11/12/1997,Ateneo De Manila University,,,
Jaylyn,Delacruz,7/29/1996,Ateneo De Manila University,,,
Kaelynn,Garza,5/10/1996,Ateneo De Manila University,,,
Leanna,Fernandez,1/27/1992,Ateneo De Manila University,,,
Elena,Vaughn,6/6/1996,Ateneo De Manila University,,,
Gia,Benjamin,1/1/1995,Ateneo De Manila University,,,
Natalie,Parsons,1/8/1992,Ateneo De Manila University,,,
Vivienne,Jennings,7/12/1994,Ateneo De Manila University,,,
Kayden,Smith,12/15/1998,Ateneo De Manila University,,,
Lylah,Wilder,3/19/1995,Ateneo De Manila University,,,
Jaxson,Sloan,2/20/1993,Ateneo De Manila University,,,
Roy,Grimes,8/12/1993,Ateneo De Manila University,,,
Bradyn,Jacobs,11/5/1993,Ateneo De Manila University,,,
Abdiel,Holden,3/21/1997,Ateneo De Manila University,,,
Cecelia,Mcknight,4/24/1996,Ateneo De Manila University,,,
Lucy,Foster,7/19/1995,Ateneo De Manila University,,,
Bradley,Golden,1/29/1998,Ateneo De Manila University,,,
Jordynn,Wilcox,12/3/1998,Ateneo De Manila University,,,
Jaylynn,Sawyer,11/17/1995,Ateneo De Manila University,,,
Franco,Baker,3/30/1992,Ateneo De Manila University,,,
Zaiden,Frye,8/9/1996,Ateneo De Manila University,,,
Kason,Vaughan,11/1/1994,Ateneo De Manila University,,,
Kaya,Jacobs,6/21/1996,Ateneo De Manila University,,,
Kolby,Mckenzie,4/22/1993,Ateneo De Manila University,,,
Aydan,Phelps,1/7/1995,Ateneo De Manila University,,,
Salvador,Valdez,5/31/1992,Ateneo De Manila University,,,
Alisson,Livingston,7/14/1998,Ateneo De Manila University,,,
Evelynn,Gay,6/24/1994,Ateneo De Manila University,,,
Haven,Fulton,9/18/1993,Ateneo De Manila University,,,
Noah,Wade,1/15/1994,Ateneo De Manila University,,,
Bridger,Alvarado,9/2/1998,Ateneo De Manila University,,,
Gloria,Maldonado,12/7/1996,Ateneo De Manila University,,,
Layton,Sherman,2/8/1994,Ateneo De Manila University,,,
Malia,Harper,9/16/1994,Ateneo De Manila University,,,
Desmond,Williams,8/3/1992,Ateneo De Manila University,,,
Jamison,Martin,11/17/1994,Ateneo De Manila University,,,
Anya,Stuart,8/8/1993,Ateneo De Manila University,,,
Alden,Franco,2/17/1993,Ateneo De Manila University,,,
Draven,Workman,3/8/1993,Ateneo De Manila University,,,
Armani,Deleon,10/15/1993,Ateneo De Manila University,,,
Sean,Cannon,4/12/1993,Ateneo De Manila University,,,
Paige,Owen,9/5/1992,Ateneo De Manila University,,,
Madelyn,Jacobs,12/15/1994,Ateneo De Manila University,,,
Kasen,Hyde,4/4/1992,Ateneo De Manila University,,,
Tristian,Ballard,12/21/1998,Ateneo De Manila University,,,
Casey,Daugherty,1/3/1998,Ateneo De Manila University,,,
Stacy,Stevens,9/14/1998,Ateneo De Manila University,,,
Ishaan,Robertson,8/4/1992,Ateneo De Manila University,,,
Abbey,Todd,11/28/1995,Ateneo De Manila University,,,
Mollie,Craig,3/2/1998,Ateneo De Manila University,,,
Robert,Ball,1/17/1996,Ateneo De Manila University,,,
Rey,Barker,9/1/1995,Ateneo De Manila University,,,
Brynlee,Jarvis,6/17/1995,Ateneo De Manila University,,,
Fiona,Duncan,11/21/1996,Ateneo De Manila University,,,
Edgar,Gibson,11/23/1995,Ateneo De Manila University,,,
Scarlet,Patterson,12/22/1998,Ateneo De Manila University,,,
Lina,Mays,4/13/1997,Ateneo De Manila University,,,
Annie,Cantu,6/11/1997,Ateneo De Manila University,,,
Lylah,Carney,7/17/1994,Ateneo De Manila University,,,
Paisley,Owens,9/30/1998,Ateneo De Manila University,,,
Maxx,Craft,3/1/1998,Ateneo De Manila University,,,
Camden,Short,10/19/1995,Ateneo De Manila University,,,
Joe,Morgan,4/8/1993,Ateneo De Manila University,,,
Lorenzo,Kirk,6/4/1993,Ateneo De Manila University,,,
Tyler,Lara,6/19/1998,Ateneo De Manila University,,,
Damon,Leon,7/23/1992,Ateneo De Manila University,,,
Coen,Oneill,12/4/1998,Ateneo De Manila University,,,
Joyce,Cortez,1/30/1995,Ateneo De Manila University,,,
Darwin,Davenport,6/30/1992,Ateneo De Manila University,,,
Ayleen,Elliott,4/6/1996,Ateneo De Manila University,,,
Yosef,Atkins,7/1/1996,Ateneo De Manila University,,,
Cooper,Church,12/4/1997,Ateneo De Manila University,,,
Andres,Yang,12/8/1994,Ateneo De Manila University,,,
Kendra,Dalton,10/22/1993,Ateneo De Manila University,,,
Clara,Suarez,3/18/1997,Ateneo De Manila University,,,
Harley,Conley,7/30/1992,Ateneo De Manila University,,,
Samir,Hansen,7/24/1993,Ateneo De Manila University,,,
Leo,Kerr,9/8/1993,Ateneo De Manila University,,,
John,Faulkner,2/26/1997,Ateneo De Manila University,,,
Matilda,Baird,11/8/1993,Ateneo De Manila University,,,
Cristian,Mcmahon,4/8/1993,Ateneo De Manila University,,,
Deborah,Williamson,2/8/1998,Ateneo De Manila University,,,
Jayde,Church,8/28/1995,Ateneo De Manila University,,,
Zayden,Leach,10/28/1996,Ateneo De Manila University,,,
Lainey,Maddox,3/22/1994,Ateneo De Manila University,,,
Lucille,Harrington,5/26/1998,Ateneo De Manila University,,,
Bristol,Cox,1/3/1998,Ateneo De Manila University,,,
Case,Booth,10/5/1995,Ateneo De Manila University,,,
Alvin,Dean,6/18/1993,Ateneo De Manila University,,,
Keenan,Salazar,2/21/1992,Ateneo De Manila University,,,
Kamari,Ferrell,10/14/1992,Ateneo De Manila University,,,
Rory,Coleman,3/5/1994,Ateneo De Manila University,,,
Kimber,Hampton,10/15/1996,Ateneo De Manila University,,,
Zander,Becker,7/21/1994,Ateneo De Manila University,,,
Tatum,Avila,7/15/1993,Ateneo De Manila University,,,
Messiah,Reeves,4/11/1996,Ateneo De Manila University,,,
Gilbert,Reynolds,2/23/1995,Ateneo De Manila University,,,
Pierre,Crane,8/5/1995,Ateneo De Manila University,,,
Audrianna,Knight,10/19/1995,Ateneo De Manila University,,,
Eliseo,Jordan,8/9/1995,Ateneo De Manila University,,,
Penelope,Pate,6/28/1992,Ateneo De Manila University,,,
Kendal,Rogers,10/27/1998,Ateneo De Manila University,,,
Jackson,Gilliam,1/24/1995,Ateneo De Manila University,,,
Jasmin,Blackburn,10/12/1993,Ateneo De Manila University,,,
Aleena,Rodriguez,12/24/1994,Ateneo De Manila University,,,
Jermaine,Schultz,5/21/1995,Ateneo De Manila University,,,
Julie,Weber,10/14/1995,Ateneo De Manila University,,,
Kylah,Oneal,1/17/1996,Ateneo De Manila University,,,
Zion,Puckett,2/8/1995,Ateneo De Manila University,,,
Kamden,Lynn,9/14/1995,Ateneo De Manila University,,,
Jaden,Blevins,11/9/1994,Ateneo De Manila University,,,
Jay,Hodge,7/3/1997,Ateneo De Manila University,,,
Kendal,Mcfadden,11/27/1992,Ateneo De Manila University,,,
Mallory,Branch,12/8/1994,Ateneo De Manila University,,,
Saniyah,Dickerson,2/14/1993,Ateneo De Manila University,,,
Brendan,Hays,6/11/1998,Ateneo De Manila University,,,
Cooper,Meyers,6/26/1992,Ateneo De Manila University,,,
Renee,Perez,5/26/1993,Ateneo De Manila University,,,
Dallas,Barnes,4/20/1993,Ateneo De Manila University,,,
Annabella,Livingston,5/1/1993,Ateneo De Manila University,,,
Jeffery,Delgado,10/11/1998,Ateneo De Manila University,,,
Katie,Buckley,8/6/1997,Ateneo De Manila University,,,
Blake,Harvey,4/20/1994,Ateneo De Manila University,,,
Zaniyah,Dodson,4/16/1995,Ateneo De Manila University,,,
Madeline,Jennings,3/10/1992,Ateneo De Manila University,,,
Bridger,Holden,2/11/1996,Ateneo De Manila University,,,
Leigha,Foreman,10/12/1996,Ateneo De Manila University,,,
Dawson,Collins,4/21/1997,Ateneo De Manila University,,,
Kyla,Graham,10/29/1998,Ateneo De Manila University,,,
Kendal,Mason,5/25/1994,Ateneo De Manila University,,,
Bradley,Avila,1/22/1995,Ateneo De Manila University,,,
Maximus,Ashley,3/23/1993,Ateneo De Manila University,,,
Brooklynn,Cantu,11/9/1996,Ateneo De Manila University,,,
Luke,Watson,1/27/1992,Ateneo De Manila University,,,
Millie,Mathews,6/10/1992,Ateneo De Manila University,,,
Zachery,Carpenter,2/2/1994,Ateneo De Manila University,,,
Dario,Long,7/31/1995,Ateneo De Manila University,,,
Liliana,Carson,12/3/1998,Ateneo De Manila University,,,
Rowan,Decker,9/11/1995,Ateneo De Manila University,,,
Regan,Stein,2/18/1995,Ateneo De Manila University,,,
Diya,Hewitt,10/1/1992,Ateneo De Manila University,,,
Anderson,Bruce,2/5/1998,Ateneo De Manila University,,,
Camren,Bradley,12/19/1992,Ateneo De Manila University,,,
Kaitlynn,Greene,9/25/1997,Ateneo De Manila University,,,
Davon,Powell,7/31/1994,Ateneo De Manila University,,,
Connor,Head,12/6/1992,Ateneo De Manila University,,,
Cooper,Ayers,10/3/1992,Ateneo De Manila University,,,
Evelynn,Roman,10/4/1995,Ateneo De Manila University,,,
Maya,Parrish,7/15/1998,Ateneo De Manila University,,,
Carley,Peters,1/19/1994,Ateneo De Manila University,,,
Kenley,Mercado,12/29/1998,Ateneo De Manila University,,,
Makayla,Reyes,11/29/1994,Ateneo De Manila University,,,
Kyson,Hawkins,4/30/1992,Ateneo De Manila University,,,
Tyrone,Harding,8/6/1995,Ateneo De Manila University,,,
Santiago,Morrison,10/2/1993,Ateneo De Manila University,,,
Brendon,Ortega,5/28/1998,Ateneo De Manila University,,,
Aubri,Byers,11/10/1996,Ateneo De Manila University,,,
Marissa,Larson,1/31/1998,Ateneo De Manila University,,,
Raven,Burgess,3/30/1998,Ateneo De Manila University,,,
Micah,Pollard,1/3/1998,Ateneo De Manila University,,,
Caylee,Heath,8/20/1994,Ateneo De Manila University,,,
Emelia,Sawyer,5/10/1992,Ateneo De Manila University,,,
Charles,Alvarez,9/6/1996,Ateneo De Manila University,,,
Brendon,Alvarado,10/2/1998,Ateneo De Manila University,,,
Leanna,Duffy,3/28/1997,Ateneo De Manila University,,,
Sabrina,Green,10/25/1996,Ateneo De Manila University,,,
Violet,Glass,7/2/1994,Ateneo De Manila University,,,
Kamden,Oliver,1/24/1998,Ateneo De Manila University,,,
Siena,Frost,5/26/1994,Ateneo De Manila University,,,
Skylar,Preston,12/2/1997,Ateneo De Manila University,,,
Raymond,Morin,11/2/1995,Ateneo De Manila University,,,
Samson,Carlson,6/7/1995,Ateneo De Manila University,,,
Bryce,Bowers,1/4/1994,Ateneo De Manila University,,,
Kimberly,Chambers,3/18/1997,Ateneo De Manila University,,,
Phoenix,Allen,8/22/1995,Ateneo De Manila University,,,
Brynlee,Nielsen,8/9/1994,Ateneo De Manila University,,,
Noemi,Wilkins,9/3/1998,Ateneo De Manila University,,,
Emily,Whitaker,4/17/1998,Ateneo De Manila University,,,
Brooke,Drake,5/13/1994,Ateneo De Manila University,,,
Thaddeus,Patrick,6/30/1997,Ateneo De Manila University,,,
Cannon,Brock,4/27/1992,Ateneo De Manila University,,,
Ciara,Alexander,11/11/1994,Ateneo De Manila University,,,
Drew,Reeves,4/20/1996,Ateneo De Manila University,,,
Aleah,Brewer,6/10/1992,Ateneo De Manila University,,,
Sariyah,Coffey,12/30/1996,Ateneo De Manila University,,,
Camden,Harris,12/3/1996,Ateneo De Manila University,,,
Lilianna,Madden,11/9/1993,Ateneo De Manila University,,,
Terry,Marks,1/21/1997,Ateneo De Manila University,,,
Lance,Contreras,3/24/1993,Ateneo De Manila University,,,
Cecelia,Sanford,5/2/1997,Ateneo De Manila University,,,
Maleah,Yang,3/26/1996,Ateneo De Manila University,,,
Drake,Jacobson,2/11/1998,Ateneo De Manila University,,,
Sarah,Fisher,1/17/1992,Ateneo De Manila University,,,
Braylee,Stout,4/17/1993,Ateneo De Manila University,,,
Juliana,Kelly,6/18/1998,Ateneo De Manila University,,,
Blaze,Workman,10/16/1998,Ateneo De Manila University,,,
Lewis,Todd,8/16/1998,Ateneo De Manila University,,,
Hank,Campbell,7/17/1996,Ateneo De Manila University,,,
Pablo,Payne,11/2/1997,Ateneo De Manila University,,,
Edith,Miranda,3/17/1995,Ateneo De Manila University,,,
Randall,Yang,2/7/1996,Ateneo De Manila University,,,
Lilia,Rosa,7/19/1997,Ateneo De Manila University,,,
Jessie,Robertson,4/29/1993,Ateneo De Manila University,,,
Scarlet,Griffith,5/17/1992,Ateneo De Manila University,,,
Kayden,Fox,2/27/1992,Ateneo De Manila University,,,
Sincere,Payne,2/14/1993,Ateneo De Manila University,,,
Luka,Farrell,12/27/1997,Ateneo De Manila University,,,
Darius,Neal,4/4/1992,Ateneo De Manila University,,,
Miller,Torres,5/21/1997,Ateneo De Manila University,,,
Jazlynn,Daniel,2/11/1997,Ateneo De Manila University,,,
Jerimiah,Donaldson,5/29/1994,Ateneo De Manila University,,,
Justus,Cote,11/21/1995,Ateneo De Manila University,,,
Quinton,Carlson,11/21/1992,Ateneo De Manila University,,,
Jorden,Compton,6/25/1994,Ateneo De Manila University,,,
Kieran,Cooke,3/6/1993,Ateneo De Manila University,,,
Jeremy,Williamson,12/8/1997,Ateneo De Manila University,,,
Jaden,Clark,12/17/1998,Ateneo De Manila University,,,
America,Gonzales,5/5/1998,Ateneo De Manila University,,,
Tanner,Nelson,2/20/1995,Ateneo De Manila University,,,
Melissa,Mccoy,3/20/1995,Ateneo De Manila University,,,
Emanuel,Jones,1/26/1995,Ateneo De Manila University,,,
Aria,Villarreal,11/27/1998,Ateneo De Manila University,,,
Cedric,Velazquez,10/31/1996,Ateneo De Manila University,,,
Derrick,Sweet,3/25/1998,Ateneo De Manila University,,,
Joshua,Boone,10/3/1992,Ateneo De Manila University,,,
Chanel,Saunders,7/8/1994,Ateneo De Manila University,,,
Reagan,Griffith,9/28/1994,Ateneo De Manila University,,,
Jovanni,Hendricks,1/17/1997,Ateneo De Manila University,,,
Sebastian,Kramer,9/19/1994,Ateneo De Manila University,,,
Miguel,Henson,4/2/1998,Ateneo De Manila University,,,
Finley,England,7/31/1996,Ateneo De Manila University,,,
Alison,Bernard,6/12/1993,Ateneo De Manila University,,,
Cali,Maynard,7/12/1997,Ateneo De Manila University,,,
Tia,Brooks,8/5/1992,Ateneo De Manila University,,,
Muhammad,Becker,11/14/1994,Ateneo De Manila University,,,
Miriam,Gentry,7/24/1992,Ateneo De Manila University,,,
Lincoln,Richmond,2/26/1994,Ateneo De Manila University,,,
Reid,Sweeney,11/20/1994,Ateneo De Manila University,,,
Gia,Abbott,4/28/1997,Ateneo De Manila University,,,
Denise,Roberts,2/6/1996,Ateneo De Manila University,,,
Lacey,Fleming,5/4/1992,Ateneo De Manila University,,,
Imani,Logan,9/11/1995,Ateneo De Manila University,,,
Kellan,Holloway,11/23/1994,Ateneo De Manila University,,,
Rosalie,Duke,11/6/1993,Ateneo De Manila University,,,
Crystal,Tillman,5/20/1992,Ateneo De Manila University,,,
Lamar,Middleton,7/30/1992,Ateneo De Manila University,,,
Kyson,Hale,8/5/1997,Ateneo De Manila University,,,
Karson,Sweet,10/8/1997,Ateneo De Manila University,,,
Hayden,Walters,3/28/1998,Ateneo De Manila University,,,
Charli,Buckner,11/10/1995,Ateneo De Manila University,,,
Aubri,Tran,9/22/1994,Ateneo De Manila University,,,
Gavyn,Mcgee,8/11/1992,Ateneo De Manila University,,,
Temperance,Prince,8/7/1998,Ateneo De Manila University,,,
Cameron,Riddle,9/23/1993,Ateneo De Manila University,,,
Alexander,Hurst,9/10/1998,Ateneo De Manila University,,,
Briley,Miller,6/13/1996,Ateneo De Manila University,,,
Cecilia,Duncan,12/5/1996,Ateneo De Manila University,,,
Malaya,Osborn,1/26/1995,Ateneo De Manila University,,,
Bronson,Long,6/25/1992,Ateneo De Manila University,,,
Draven,Dodson,8/24/1992,Ateneo De Manila University,,,
Jenny,Hood,3/28/1992,Ateneo De Manila University,,,
Royce,Cardenas,2/4/1997,Ateneo De Manila University,,,
Gage,Sloan,8/22/1994,Ateneo De Manila University,,,
Zion,Zamora,10/15/1997,Ateneo De Manila University,,,
Jacob,Moreno,10/1/1996,Ateneo De Manila University,,,
Jaydin,Stout,3/9/1996,Ateneo De Manila University,,,
Willow,Grant,9/6/1992,Ateneo De Manila University,,,
Cohen,Marshall,7/3/1994,Ateneo De Manila University,,,
Larry,Floyd,9/30/1994,Ateneo De Manila University,,,
Tatum,Chandler,7/11/1995,Ateneo De Manila University,,,
Layton,Park,2/15/1992,Ateneo De Manila University,,,
Brendan,Hendricks,10/5/1997,Ateneo De Manila University,,,
Maximiliano,Cochran,6/26/1995,Ateneo De Manila University,,,
Cesar,Lowery,3/21/1998,Ateneo De Manila University,,,
Bryleigh,Bryant,1/1/1997,Ateneo De Manila University,,,
Leia,Medina,5/15/1996,Ateneo De Manila University,,,
Urijah,Hurley,2/27/1993,Ateneo De Manila University,,,
Darien,Ramos,6/17/1993,Ateneo De Manila University,,,
Matthias,Thomas,7/28/1996,Ateneo De Manila University,,,
Kadence,Murray,3/27/1996,Ateneo De Manila University,,,
Miguel,Stevenson,8/28/1998,Ateneo De Manila University,,,
Ray,Little,11/14/1995,Ateneo De Manila University,,,
Mae,Acevedo,9/18/1998,Ateneo De Manila University,,,
Theodore,Wells,10/9/1994,Ateneo De Manila University,,,
Abraham,Munoz,7/7/1995,Ateneo De Manila University,,,
Gaige,Gibson,11/25/1993,Ateneo De Manila University,,,
Selah,Nixon,12/29/1993,Ateneo De Manila University,,,
Kade,Roth,12/9/1995,Ateneo De Manila University,,,
Heath,Barton,1/7/1992,Ateneo De Manila University,,,
Julien,Berry,2/22/1997,Ateneo De Manila University,,,
Weston,Strong,7/28/1996,Ateneo De Manila University,,,
Tristin,Livingston,8/22/1998,Ateneo De Manila University,,,
Milagros,Nixon,8/6/1995,Ateneo De Manila University,,,
Brycen,Kane,7/16/1992,Ateneo De Manila University,,,
Lukas,Colon,10/14/1994,Ateneo De Manila University,,,
Janae,Chaney,3/23/1996,Ateneo De Manila University,,,
Kamari,Weber,1/8/1996,Ateneo De Manila University,,,
Enoch,Bauer,4/30/1997,Ateneo De Manila University,,,
Jayde,Yang,2/25/1997,Ateneo De Manila University,,,
Xzavier,Tanner,7/26/1992,Ateneo De Manila University,,,
Diana,Clemons,9/3/1996,Ateneo De Manila University,,,
Todd,Dixon,4/22/1993,Ateneo De Manila University,,,
Malia,Hurst,5/4/1994,Ateneo De Manila University,,,
Brendon,Mcmillan,10/16/1993,Ateneo De Manila University,,,
Camila,Sargent,10/19/1995,Ateneo De Manila University,,,
Brooke,Church,4/22/1996,Ateneo De Manila University,,,
Brian,Finley,9/16/1998,Ateneo De Manila University,,,
Aliza,Whitley,10/15/1998,Ateneo De Manila University,,,
Manuel,Black,9/2/1995,Ateneo De Manila University,,,
Dakota,Carr,11/20/1997,Ateneo De Manila University,,,
Lea,Allison,3/3/1993,Ateneo De Manila University,,,
Hadassah,Jimenez,9/12/1993,Ateneo De Manila University,,,
Laylah,Hodges,6/13/1997,Ateneo De Manila University,,,
Sam,Freeman,3/16/1998,Ateneo De Manila University,,,
Alyssa,Pace,5/29/1997,Ateneo De Manila University,,,
Ronan,Willis,4/17/1995,Ateneo De Manila University,,,
Haiden,Haney,7/15/1995,Ateneo De Manila University,,,
Jared,Barron,2/21/1993,Ateneo De Manila University,,,
Alvaro,Downs,1/15/1994,Ateneo De Manila University,,,
Amani,Harmon,6/5/1996,Ateneo De Manila University,,,
Carson,Nielsen,1/18/1998,Ateneo De Manila University,,,
Xander,Lindsey,6/15/1995,Ateneo De Manila University,,,
Adele,Noel,4/1/1998,Ateneo De Manila University,,,
Maxx,Foley,1/8/1997,Ateneo De Manila University,,,
Haven,William,12/6/1996,Ateneo De Manila University,,,
Alexandra,Donovan,12/16/1997,Ateneo De Manila University,,,
Heidi,George,8/30/1997,Ateneo De Manila University,,,
Aimee,Norris,4/29/1997,Ateneo De Manila University,,,
Kellen,Medina,10/4/1998,Ateneo De Manila University,,,
Ashtyn,Merritt,9/29/1998,Ateneo De Manila University,,,
Chanel,Raymond,4/8/1992,Ateneo De Manila University,,,
Kaia,Skinner,2/22/1992,Ateneo De Manila University,,,
Isabella,Foster,8/24/1997,Ateneo De Manila University,,,
Sherlyn,Oneil,8/9/1995,Ateneo De Manila University,,,
Armani,Byrd,7/7/1996,Ateneo De Manila University,,,
Lily,Padilla,12/14/1996,Ateneo De Manila University,,,
Preston,Hernandez,5/31/1994,Ateneo De Manila University,,,
Savanna,Holt,9/11/1994,Ateneo De Manila University,,,
Jacob,Fitzgerald,6/19/1995,Ateneo De Manila University,,,
Moses,Graham,11/20/1993,Ateneo De Manila University,,,
Aurora,Ford,8/24/1997,Ateneo De Manila University,,,
Beckett,Mcmillan,5/18/1998,Ateneo De Manila University,,,
Quinton,Reid,11/23/1995,Ateneo De Manila University,,,
Ivan,Ruiz,8/2/1997,Ateneo De Manila University,,,
Madelynn,Harding,6/11/1997,Ateneo De Manila University,,,
Johan,Wong,7/21/1993,Ateneo De Manila University,,,
Mike,Donovan,3/7/1997,Ateneo De Manila University,,,
Amiyah,Marshall,10/7/1996,Ateneo De Manila University,,,
Henry,Ward,5/21/1992,Ateneo De Manila University,,,
Abram,Grant,4/27/1995,Ateneo De Manila University,,,
Ellis,Blackwell,12/10/1995,Ateneo De Manila University,,,
Fabian,Garza,12/9/1995,Ateneo De Manila University,,,
Gemma,Mckinney,2/26/1993,Ateneo De Manila University,,,
Carley,Tillman,12/26/1995,Ateneo De Manila University,,,
Aubree,Warren,8/25/1992,Ateneo De Manila University,,,
Isaac,Aguilar,12/8/1992,Ateneo De Manila University,,,
Alfredo,Coffey,7/10/1996,Ateneo De Manila University,,,
Keith,Roy,11/21/1992,Ateneo De Manila University,,,
Cade,Pate,6/12/1993,Ateneo De Manila University,,,
Boston,Cardenas,10/20/1995,Ateneo De Manila University,,,
Aryan,Boyer,12/31/1993,Ateneo De Manila University,,,
Coen,Diaz,9/1/1996,Ateneo De Manila University,,,
Tara,Berry,10/1/1994,Ateneo De Manila University,,,
Nash,Ballard,12/26/1995,Ateneo De Manila University,,,
Samuel,Black,5/14/1993,Ateneo De Manila University,,,
Dangelo,Rose,10/3/1995,Ateneo De Manila University,,,
Cayson,Hooper,1/26/1995,Ateneo De Manila University,,,
Lennox,Clayton,12/29/1992,Ateneo De Manila University,,,
Bailee,Huber,9/25/1993,Ateneo De Manila University,,,
Sasha,Mercer,1/4/1993,Ateneo De Manila University,,,
Mariam,Hutchinson,12/19/1997,Ateneo De Manila University,,,
Ben,Tillman,9/5/1997,Ateneo De Manila University,,,
Edwin,Jefferson,10/14/1993,Ateneo De Manila University,,,
Edwin,Scott,8/27/1993,Ateneo De Manila University,,,
Jordan,Washington,7/7/1997,Ateneo De Manila University,,,
Rodney,Conner,12/18/1994,Ateneo De Manila University,,,
Jacob,Guerrero,12/28/1992,Ateneo De Manila University,,,
Jax,Mccall,12/14/1998,Ateneo De Manila University,,,
Landon,Berg,2/23/1994,Ateneo De Manila University,,,
Eve,Mejia,6/27/1995,Ateneo De Manila University,,,
Dorothy,Russo,6/28/1993,Ateneo De Manila University,,,
Frank,Bush,11/22/1993,Ateneo De Manila University,,,
Gage,Pope,6/4/1995,Ateneo De Manila University,,,
Alexzander,Ross,8/8/1996,Ateneo De Manila University,,,
Kamden,Mason,2/28/1992,Ateneo De Manila University,,,
Princeton,Gates,3/1/1996,Ateneo De Manila University,,,
Alfonso,Guthrie,10/24/1993,Ateneo De Manila University,,,
Jax,Nash,8/13/1994,Ateneo De Manila University,,,
Jason,Tucker,2/3/1993,Ateneo De Manila University,,,
Gauge,Wolfe,9/19/1997,Ateneo De Manila University,,,
Hendrix,Mcdaniel,7/2/1992,Ateneo De Manila University,,,
Bobby,Greer,10/22/1994,Ateneo De Manila University,,,
Grace,Mckay,1/21/1993,Ateneo De Manila University,,,
Tia,Mosley,10/13/1992,Ateneo De Manila University,,,
Deangelo,Dawson,7/27/1992,Ateneo De Manila University,,,
Stephanie,English,4/18/1997,Ateneo De Manila University,,,
Demi,Mcgowan,8/15/1993,Ateneo De Manila University,,,
Elyse,Figueroa,10/9/1993,Ateneo De Manila University,,,
Jagger,Bowers,8/11/1993,Ateneo De Manila University,,,
Luciano,Lowery,1/6/1993,Ateneo De Manila University,,,
Laura,Copeland,6/14/1992,Ateneo De Manila University,,,
Addilyn,Davis,6/23/1997,Ateneo De Manila University,,,
Annabelle,Bennett,9/2/1994,Ateneo De Manila University,,,
Abigail,Bullock,12/22/1996,Ateneo De Manila University,,,
Bridger,Chandler,4/9/1998,Ateneo De Manila University,,,
Iris,Waller,11/19/1992,Ateneo De Manila University,,,
Haiden,Jenkins,7/31/1992,Ateneo De Manila University,,,
Hanna,Page,2/22/1992,Ateneo De Manila University,,,
Kasen,Sellers,5/31/1995,Ateneo De Manila University,,,
Triston,Berry,8/16/1997,Ateneo De Manila University,,,
Helena,Livingston,5/2/1995,Ateneo De Manila University,,,
Alaya,Mcmahon,8/21/1997,Ateneo De Manila University,,,
Sasha,Herrera,6/26/1996,Ateneo De Manila University,,,
Cherish,Abbott,4/1/1993,Ateneo De Manila University,,,
Zachary,Wilkinson,2/18/1993,Ateneo De Manila University,,,
Rebecca,Sosa,4/22/1995,Ateneo De Manila University,,,
Aryana,Thornton,10/19/1998,Ateneo De Manila University,,,
Beatrice,Leon,2/26/1998,Ateneo De Manila University,,,
Channing,Alvarez,7/24/1997,Ateneo De Manila University,,,
Raina,Gray,8/11/1992,Ateneo De Manila University,,,
Isabel,Clemons,7/11/1993,Ateneo De Manila University,,,
Ansley,Mckay,1/22/1995,Ateneo De Manila University,,,
Natalie,Hewitt,6/28/1998,Ateneo De Manila University,,,
Drew,Shields,11/2/1997,Ateneo De Manila University,,,
Pamela,Allison,5/23/1998,Ateneo De Manila University,,,
Steven,Farley,11/14/1998,Ateneo De Manila University,,,
Maxx,Buck,2/18/1993,Ateneo De Manila University,,,
Gabrielle,Cobb,9/25/1993,Ateneo De Manila University,,,
Jeffrey,Dodson,11/25/1998,Ateneo De Manila University,,,
Bianca,Owens,5/9/1992,Ateneo De Manila University,,,
Quinton,Webster,5/14/1995,Ateneo De Manila University,,,
Emiliano,Holder,4/12/1998,Ateneo De Manila University,,,
Ean,Barnett,6/14/1994,Ateneo De Manila University,,,
William,Wall,10/25/1996,Ateneo De Manila University,,,
Jade,Fletcher,4/29/1997,Ateneo De Manila University,,,
Izabella,Terrell,4/9/1993,Ateneo De Manila University,,,
Fiona,Reilly,6/20/1993,Ateneo De Manila University,,,
Brinley,Buckley,8/15/1994,Ateneo De Manila University,,,
Ethen,Russo,6/3/1995,Ateneo De Manila University,,,
Aurora,Douglas,3/12/1996,Ateneo De Manila University,,,
Quinten,Ware,5/25/1992,Ateneo De Manila University,,,
June,Mckenzie,4/1/1996,Ateneo De Manila University,,,
Alexander,Chavez,2/7/1997,Ateneo De Manila University,,,
Gunnar,Fuller,1/18/1996,Ateneo De Manila University,,,
Jordyn,Dennis,3/14/1993,Ateneo De Manila University,,,
Itzel,Ewing,5/31/1994,Ateneo De Manila University,,,
Colten,Shaffer,10/28/1993,Ateneo De Manila University,,,
Cohen,Avila,2/1/1997,Ateneo De Manila University,,,
Celeste,Benton,2/7/1994,Ateneo De Manila University,,,
Rachel,Mcmahon,10/5/1996,Ateneo De Manila University,,,
Javion,Miles,6/28/1994,Ateneo De Manila University,,,
Alfred,Holcomb,8/24/1993,Ateneo De Manila University,,,
Brogan,Green,7/26/1996,Ateneo De Manila University,,,
Kylan,Meyers,6/27/1994,Ateneo De Manila University,,,
Mya,Wagner,4/17/1995,Ateneo De Manila University,,,
Jabari,Nunez,5/31/1996,Ateneo De Manila University,,,
Nova,Bender,7/27/1994,Ateneo De Manila University,,,
Reuben,Johnson,3/19/1993,Ateneo De Manila University,,,
Felipe,Hewitt,10/10/1994,Ateneo De Manila University,,,
Graham,Riley,8/26/1993,Ateneo De Manila University,,,
Pamela,Rodriquez,4/5/1995,Ateneo De Manila University,,,
Dorian,Wade,6/29/1997,Ateneo De Manila University,,,
George,Adkins,6/13/1994,Ateneo De Manila University,,,
Sonny,Poole,5/29/1993,Ateneo De Manila University,,,
Zavier,Berg,8/23/1997,Ateneo De Manila University,,,
Dayana,Glass,1/8/1993,Ateneo De Manila University,,,
Asa,Cabrera,4/4/1996,Ateneo De Manila University,,,
Joey,Anderson,8/15/1994,Ateneo De Manila University,,,
Tessa,Le,4/22/1997,Ateneo De Manila University,,,
Mae,Bender,5/20/1994,Ateneo De Manila University,,,
Israel,Holman,6/30/1993,Ateneo De Manila University,,,
Lathan,Murray,10/5/1998,Ateneo De Manila University,,,
Edward,Marshall,7/4/1997,Ateneo De Manila University,,,
Emely,Herrera,12/16/1992,Ateneo De Manila University,,,
Mckenzie,Maxwell,6/16/1998,Ateneo De Manila University,,,
Dana,Wong,12/15/1997,Ateneo De Manila University,,,
Sariyah,Hahn,3/20/1994,Ateneo De Manila University,,,
Janessa,Weber,3/7/1996,Ateneo De Manila University,,,
Nahla,Perry,1/26/1994,Ateneo De Manila University,,,
Westin,Burton,3/7/1992,Ateneo De Manila University,,,
Lexi,Carr,2/19/1992,Ateneo De Manila University,,,
Francisco,Melton,5/27/1992,Ateneo De Manila University,,,
Galilea,Spears,8/3/1998,Ateneo De Manila University,,,
Javion,Thompson,5/22/1996,Ateneo De Manila University,,,
Lesly,Moore,3/13/1998,Ateneo De Manila University,,,
Jonathan,Williams,3/13/1995,Ateneo De Manila University,,,
Andre,Foley,5/29/1992,Ateneo De Manila University,,,
Amelia,Cash,2/5/1996,Ateneo De Manila University,,,
Jayla,Roberts,2/9/1997,Ateneo De Manila University,,,
Steve,Leach,11/24/1992,Ateneo De Manila University,,,
Aliza,Levine,1/3/1992,Ateneo De Manila University,,,
Myles,Holden,1/9/1996,Ateneo De Manila University,,,
Jayden,Odom,9/23/1994,Ateneo De Manila University,,,
Celia,Valencia,11/8/1995,Ateneo De Manila University,,,
Valerie,Odom,5/2/1993,Ateneo De Manila University,,,
Ryder,Pugh,7/3/1995,Ateneo De Manila University,,,
Bryleigh,Joseph,2/16/1997,Ateneo De Manila University,,,
Ruth,Lyons,10/14/1994,Ateneo De Manila University,,,
Jeremiah,Harvey,7/12/1996,Ateneo De Manila University,,,
Dominik,Rosa,7/14/1993,Ateneo De Manila University,,,
Brodie,Walton,1/6/1995,Ateneo De Manila University,,,
Aidan,Stokes,9/27/1997,Ateneo De Manila University,,,
Royce,Mosley,8/14/1994,Ateneo De Manila University,,,
Dawson,Dickson,5/8/1996,Ateneo De Manila University,,,
Gabriel,Oneal,12/21/1998,Ateneo De Manila University,,,
Samantha,Sellers,5/8/1997,Ateneo De Manila University,,,
Belen,Franklin,12/1/1994,Ateneo De Manila University,,,
Adan,Stewart,1/28/1998,Ateneo De Manila University,,,
Elliot,Olsen,2/16/1995,Ateneo De Manila University,,,
Frankie,Leblanc,2/20/1996,Ateneo De Manila University,,,
Kayden,Oliver,1/9/1996,Ateneo De Manila University,,,
Jessica,Barton,9/2/1998,Ateneo De Manila University,,,
Kendra,Hewitt,12/9/1996,Ateneo De Manila University,,,
Holden,Reyes,12/9/1994,Ateneo De Manila University,,,
Kenny,Beasley,1/6/1996,Ateneo De Manila University,,,
Amari,Alford,4/19/1997,Ateneo De Manila University,,,
Dustin,Contreras,5/31/1994,Ateneo De Manila University,,,
Angeline,Gillespie,11/18/1993,Ateneo De Manila University,,,
Donovan,Hart,12/17/1998,Ateneo De Manila University,,,
June,Knapp,6/21/1994,Ateneo De Manila University,,,
Chelsea,Rogers,4/1/1996,Ateneo De Manila University,,,
Ross,Hensley,11/26/1997,Ateneo De Manila University,,,
Devon,Mejia,3/10/1994,Ateneo De Manila University,,,
Adrianna,Barnes,11/28/1997,Ateneo De Manila University,,,
Lana,Pena,1/1/1994,Ateneo De Manila University,,,
Frank,Blackwell,4/20/1993,Ateneo De Manila University,,,
Seth,Melton,12/12/1993,Ateneo De Manila University,,,
Enrique,Mckenzie,3/31/1993,Ateneo De Manila University,,,
Adam,Estrada,12/25/1993,Ateneo De Manila University,,,
Rocco,Russo,10/27/1992,Ateneo De Manila University,,,
Nora,Aguilar,1/8/1993,Ateneo De Manila University,,,
Kody,Whitfield,12/16/1997,Ateneo De Manila University,,,
Ryan,Ross,8/11/1993,Ateneo De Manila University,,,
Gracie,Atkins,10/9/1992,Ateneo De Manila University,,,
Bo,Pollard,9/8/1997,Ateneo De Manila University,,,
Dalton,Franklin,9/14/1995,Ateneo De Manila University,,,
Dallas,Pierce,1/17/1998,Ateneo De Manila University,,,
Gideon,Walter,9/18/1997,Ateneo De Manila University,,,
Jaidyn,Brewer,11/18/1992,Ateneo De Manila University,,,
Braiden,Mcintyre,8/7/1996,Ateneo De Manila University,,,
Deangelo,Phillips,5/22/1998,Ateneo De Manila University,,,
Chana,Sutton,12/4/1993,Ateneo De Manila University,,,
Sarah,Mcneil,5/4/1993,Ateneo De Manila University,,,
Charleigh,Walker,9/1/1993,Ateneo De Manila University,,,
Alena,Sandoval,6/25/1996,Ateneo De Manila University,,,
Brayan,Wilder,1/31/1994,Ateneo De Manila University,,,
Brenna,Cole,7/28/1994,Ateneo De Manila University,,,
Keenan,Norris,1/15/1992,Ateneo De Manila University,,,
Gustavo,Hanson,10/8/1992,Ateneo De Manila University,,,
Clarissa,Soto,1/27/1994,Ateneo De Manila University,,,
Lauryn,Hawkins,5/3/1992,Ateneo De Manila University,,,
Ramiro,Buchanan,3/5/1993,Ateneo De Manila University,,,
Fatima,Hewitt,6/14/1998,Ateneo De Manila University,,,
Deegan,Chen,3/10/1993,Ateneo De Manila University,,,
Brandon,Wise,11/20/1997,Ateneo De Manila University,,,
Karlee,Lopez,6/7/1995,Ateneo De Manila University,,,
Alice,Dixon,11/13/1995,Ateneo De Manila University,,,
Kaiden,Mullins,7/26/1996,Ateneo De Manila University,,,
Darien,Sweeney,3/10/1996,Ateneo De Manila University,,,
Audrina,Baxter,3/1/1994,Ateneo De Manila University,,,
Genesis,Hernandez,11/23/1998,Ateneo De Manila University,,,
Monica,Miles,10/27/1992,Ateneo De Manila University,,,
Randall,Knight,1/14/1992,Ateneo De Manila University,,,
Ty,Holden,10/14/1996,Ateneo De Manila University,,,
Drew,Kaufman,11/11/1996,Ateneo De Manila University,,,
Braxton,Potts,6/1/1996,Ateneo De Manila University,,,
Titus,Small,6/7/1995,Ateneo De Manila University,,,
Leighton,Cline,5/24/1997,Ateneo De Manila University,,,
Jadyn,Bentley,4/12/1995,Ateneo De Manila University,,,
Reagan,Mcmillan,6/14/1998,Ateneo De Manila University,,,
Lila,Holmes,5/2/1995,Ateneo De Manila University,,,
Conor,Deleon,10/26/1992,Ateneo De Manila University,,,
Erica,Moon,6/25/1995,Ateneo De Manila University,,,
Eileen,Newman,10/18/1998,Ateneo De Manila University,,,
Aryan,Owen,11/21/1997,Ateneo De Manila University,,,
Cameron,Mcintyre,10/8/1995,Ateneo De Manila University,,,
Brice,Mack,11/7/1997,Ateneo De Manila University,,,
Trystan,Daugherty,2/25/1997,Ateneo De Manila University,,,
Jeffery,Dean,6/29/1997,Ateneo De Manila University,,,
Rogelio,Barnett,9/21/1992,Ateneo De Manila University,,,
August,Conley,8/22/1998,Ateneo De Manila University,,,
Maliah,Austin,7/1/1995,Ateneo De Manila University,,,
Josiah,Mays,1/14/1996,Ateneo De Manila University,,,
Nicole,Griffin,4/19/1992,Ateneo De Manila University,,,
Fernanda,Vance,1/9/1992,Ateneo De Manila University,,,
Channing,Faulkner,11/8/1994,Ateneo De Manila University,,,
Lizbeth,Mccray,12/26/1996,Ateneo De Manila University,,,
Halle,Cobb,8/17/1994,Ateneo De Manila University,,,
Princeton,Church,9/23/1996,Ateneo De Manila University,,,
Ernesto,Sykes,11/11/1994,Ateneo De Manila University,,,
Allison,Marshall,12/7/1994,Ateneo De Manila University,,,
Julien,Cabrera,1/28/1997,Ateneo De Manila University,,,
Kyra,Callahan,4/6/1993,Ateneo De Manila University,,,
Ruben,Callahan,11/8/1998,Ateneo De Manila University,,,
Kaia,Shaw,7/19/1993,Ateneo De Manila University,,,
Alayna,Cardenas,2/9/1998,Ateneo De Manila University,,,
Issac,Hall,2/28/1994,Ateneo De Manila University,,,
Brynn,Humphrey,8/19/1992,Ateneo De Manila University,,,
Zane,Cohen,7/13/1992,Ateneo De Manila University,,,
Sidney,Willis,11/25/1993,Ateneo De Manila University,,,
Danna,Holt,9/5/1997,Ateneo De Manila University,,,
Desiree,Miranda,11/16/1992,Ateneo De Manila University,,,
Agustin,Barber,6/5/1992,Ateneo De Manila University,,,
Maxim,Holt,3/27/1996,Ateneo De Manila University,,,
Rowen,Pugh,5/9/1995,Ateneo De Manila University,,,
Hugh,Hunter,7/19/1993,Ateneo De Manila University,,,
Ty,Drake,10/7/1998,Ateneo De Manila University,,,
Kayson,Roy,2/19/1998,Ateneo De Manila University,,,
Orion,Parrish,2/3/1998,Ateneo De Manila University,,,
Ahmed,Merrill,1/24/1998,Ateneo De Manila University,,,
Hope,Perez,7/6/1996,Ateneo De Manila University,,,
Kaeden,Cotton,2/7/1994,Ateneo De Manila University,,,
Skylar,Daugherty,4/25/1995,Ateneo De Manila University,,,
Robert,Hill,8/5/1996,Ateneo De Manila University,,,
Julianna,Farmer,2/3/1995,Ateneo De Manila University,,,
Bianca,Gregory,3/14/1992,Ateneo De Manila University,,,
Sasha,Prince,12/31/1996,Ateneo De Manila University,,,
Maritza,Larson,6/15/1992,Ateneo De Manila University,,,
Braylen,Hines,9/18/1994,Ateneo De Manila University,,,
Arielle,Burgess,7/13/1995,Ateneo De Manila University,,,
Braylin,Alston,12/25/1997,Ateneo De Manila University,,,
Graysen,Wiley,11/21/1995,Ateneo De Manila University,,,
Whitney,Hogan,4/21/1996,Ateneo De Manila University,,,
Evie,Howe,2/4/1993,Ateneo De Manila University,,,
Tripp,Levine,12/16/1995,Ateneo De Manila University,,,
Sharon,Byrd,7/12/1992,Ateneo De Manila University,,,
Charlotte,Dennis,7/22/1992,Ateneo De Manila University,,,
Makhi,Fernandez,1/3/1996,Ateneo De Manila University,,,
Malachi,Thompson,5/30/1992,Ateneo De Manila University,,,
Corey,Nixon,5/6/1996,Ateneo De Manila University,,,
Kristina,Sosa,7/20/1995,Ateneo De Manila University,,,
Kairi,Edwards,10/5/1994,Ateneo De Manila University,,,
Sterling,Brown,4/27/1996,Ateneo De Manila University,,,
Rayan,Schmidt,3/26/1993,Ateneo De Manila University,,,
Bryanna,Barnes,4/25/1996,Ateneo De Manila University,,,
Tamia,Reilly,11/19/1996,Ateneo De Manila University,,,
Alexandra,Patton,4/20/1995,Ateneo De Manila University,,,
Laurel,Weeks,10/14/1992,Ateneo De Manila University,,,
Brenna,Hyde,8/28/1998,Ateneo De Manila University,,,
Nina,Everett,12/10/1994,Ateneo De Manila University,,,
Melissa,Kelley,3/13/1998,Ateneo De Manila University,,,
Mikayla,Brooks,12/27/1992,Ateneo De Manila University,,,
Blaise,Underwood,1/20/1993,Ateneo De Manila University,,,
Michaela,Johnston,8/7/1996,Ateneo De Manila University,,,
Lacey,Terry,6/21/1998,Ateneo De Manila University,,,
Brenna,Perry,5/17/1992,Ateneo De Manila University,,,
Taliyah,Schneider,3/20/1992,Ateneo De Manila University,,,
Maverick,Mercado,8/25/1997,Ateneo De Manila University,,,
Kayden,Houston,3/24/1993,Ateneo De Manila University,,,
Daniella,Washington,10/29/1996,Ateneo De Manila University,,,
Adriel,Salinas,2/21/1996,Ateneo De Manila University,,,
Odin,Kerr,9/5/1996,Ateneo De Manila University,,,
Scarlett,Kidd,10/21/1992,Ateneo De Manila University,,,
Brysen,Steele,11/1/1997,Ateneo De Manila University,,,
Celeste,Shepard,10/26/1994,Ateneo De Manila University,,,
Dillon,Olsen,5/10/1996,Ateneo De Manila University,,,
Deanna,Harrison,7/27/1997,Ateneo De Manila University,,,
Kimberly,Saunders,5/18/1998,Ateneo De Manila University,,,
Delaney,Small,5/17/1996,Ateneo De Manila University,,,
Ivan,Holt,7/8/1995,Ateneo De Manila University,,,
Lauryn,Juarez,9/8/1995,Ateneo De Manila University,,,
Keegan,Rogers,12/11/1993,Ateneo De Manila University,,,
Caydence,Page,8/19/1992,Ateneo De Manila University,,,
Cindy,Cash,1/4/1994,Ateneo De Manila University,,,
Mckenna,Harrington,4/12/1993,Ateneo De Manila University,,,
Taraji,Rhodes,12/11/1997,Ateneo De Manila University,,,
Lindsay,Cochran,4/25/1996,Ateneo De Manila University,,,
Cruz,Hinton,4/18/1998,Ateneo De Manila University,,,
Alayah,Pennington,11/13/1993,Ateneo De Manila University,,,
Lena,Mclean,7/11/1994,Ateneo De Manila University,,,
Calvin,Solis,12/11/1997,Ateneo De Manila University,,,
Sylvia,Black,2/15/1994,Ateneo De Manila University,,,
Alvin,Dodson,5/27/1993,Ateneo De Manila University,,,
Jaiden,Frederick,2/13/1997,Ateneo De Manila University,,,
Miah,Allison,2/17/1996,Ateneo De Manila University,,,
Leona,Lane,3/28/1996,Ateneo De Manila University,,,
Mauricio,Cohen,8/31/1997,Ateneo De Manila University,,,
Anika,Dalton,9/28/1996,Ateneo De Manila University,,,
Derek,Newton,4/6/1994,Ateneo De Manila University,,,
Cody,Calderon,1/19/1994,Ateneo De Manila University,,,
Larissa,Ewing,10/14/1996,Ateneo De Manila University,,,
Rowan,Harding,3/21/1993,Ateneo De Manila University,,,
Cristopher,Hoover,1/23/1992,Ateneo De Manila University,,,
Camille,Frazier,5/11/1997,Ateneo De Manila University,,,
Zaria,Hall,1/14/1995,Ateneo De Manila University,,,
Liv,Gardner,8/8/1996,Ateneo De Manila University,,,
Matthew,Ferguson,11/21/1995,Ateneo De Manila University,,,
Matthias,Reynolds,5/11/1996,Ateneo De Manila University,,,
Giovanni,Wade,7/11/1993,Ateneo De Manila University,,,
Kason,Frank,2/13/1996,Ateneo De Manila University,,,
Emilie,Gardner,2/24/1994,Ateneo De Manila University,,,
Ralph,Burton,4/13/1993,Ateneo De Manila University,,,
Ean,Cooke,4/17/1997,Ateneo De Manila University,,,
Mohammad,Tillman,10/21/1998,Ateneo De Manila University,,,
Jerome,Tran,9/21/1993,Ateneo De Manila University,,,
Lillie,Owen,8/5/1992,Ateneo De Manila University,,,
Lorelai,Lynn,10/5/1995,Ateneo De Manila University,,,
Ashley,Figueroa,2/11/1995,Ateneo De Manila University,,,
Annabelle,Hickman,9/22/1998,Ateneo De Manila University,,,
Julien,Gross,6/8/1993,Ateneo De Manila University,,,
Jada,Mccray,9/23/1992,Ateneo De Manila University,,,
Steven,Harding,10/20/1997,Ateneo De Manila University,,,
Julien,Kidd,7/13/1993,Ateneo De Manila University,,,
Analia,Black,10/22/1992,Ateneo De Manila University,,,
Marcos,Morse,3/19/1997,Ateneo De Manila University,,,
Elvis,Parrish,10/25/1998,Ateneo De Manila University,,,
Bryant,Hahn,5/7/1998,Ateneo De Manila University,,,
Mekhi,Reid,6/17/1998,Ateneo De Manila University,,,
Ulises,Kennedy,5/2/1996,Ateneo De Manila University,,,
Dorothy,Dillon,10/24/1998,Ateneo De Manila University,,,
Luka,Welch,2/18/1998,Ateneo De Manila University,,,
Yareli,Duran,8/14/1994,Ateneo De Manila University,,,
Amaya,Mercado,12/21/1992,Ateneo De Manila University,,,
Calvin,Holmes,7/13/1996,Ateneo De Manila University,,,
Braydon,Dunlap,3/7/1998,Ateneo De Manila University,,,
Delilah,Chen,4/9/1993,Ateneo De Manila University,,,
Rodolfo,Singleton,2/17/1998,Ateneo De Manila University,,,
Alisson,Talley,7/13/1997,Ateneo De Manila University,,,
Reese,Hoover,5/19/1997,Ateneo De Manila University,,,
Elin,Guerra,6/1/1997,Ateneo De Manila University,,,
Abbey,Wheeler,4/20/1994,Ateneo De Manila University,,,
Devon,Holt,1/21/1996,Ateneo De Manila University,,,
Luca,Hopkins,4/13/1992,Ateneo De Manila University,,,
Gustavo,Hooper,4/6/1992,Ateneo De Manila University,,,
Dawson,Patterson,10/3/1997,Ateneo De Manila University,,,
Kade,Kirk,9/21/1996,Ateneo De Manila University,,,
Giovanny,Torres,5/15/1994,Ateneo De Manila University,,,
Xander,Hansen,11/2/1997,Ateneo De Manila University,,,
Paulina,Hansen,5/24/1997,Ateneo De Manila University,,,
Luciana,Vaughan,7/1/1997,Ateneo De Manila University,,,
Stephen,Holman,8/5/1994,Ateneo De Manila University,,,
Salvatore,Farmer,4/4/1994,Ateneo De Manila University,,,
Quinten,Spencer,1/16/1997,Ateneo De Manila University,,,
Ayden,Boyle,4/26/1992,Ateneo De Manila University,,,
Curtis,Hughes,1/9/1997,Ateneo De Manila University,,,
Jaida,Bradshaw,5/31/1996,Ateneo De Manila University,,,
Ashlynn,Franco,3/4/1992,Ateneo De Manila University,,,
Mauricio,Blake,5/4/1995,Ateneo De Manila University,,,
Haylee,Hart,3/7/1998,Ateneo De Manila University,,,
Solomon,Mullins,2/6/1997,Ateneo De Manila University,,,
Peyton,Snow,1/8/1997,Ateneo De Manila University,,,
Kayden,Baird,11/18/1996,Ateneo De Manila University,,,
Ainsley,Hendrix,2/14/1995,Ateneo De Manila University,,,
Bryanna,Barrett,7/2/1993,Ateneo De Manila University,,,
Zayne,Marquez,6/28/1992,Ateneo De Manila University,,,
Katherine,Wagner,8/4/1993,Ateneo De Manila University,,,
Anders,Oneill,3/7/1995,Ateneo De Manila University,,,
Amanda,Steele,4/27/1997,Ateneo De Manila University,,,
Hailey,Steele,6/17/1995,Ateneo De Manila University,,,
Jairo,Jefferson,1/26/1994,Ateneo De Manila University,,,
Regan,Wolfe,4/19/1995,Ateneo De Manila University,,,
Alexis,Lynch,1/6/1995,Ateneo De Manila University,,,
Danny,Valdez,2/23/1995,Ateneo De Manila University,,,
Amara,Thomas,3/20/1993,Ateneo De Manila University,,,
Emilio,Guzman,6/13/1994,Ateneo De Manila University,,,
Alexia,Miller,10/8/1996,Ateneo De Manila University,,,
Corinne,Callahan,7/30/1998,Ateneo De Manila University,,,
Eve,Stokes,10/25/1996,Ateneo De Manila University,,,
Kellan,Watson,1/25/1992,Ateneo De Manila University,,,
Franco,Dorsey,4/19/1998,Ateneo De Manila University,,,
Nicole,Stewart,8/14/1996,Ateneo De Manila University,,,
Brock,Boyer,10/6/1995,Ateneo De Manila University,,,
Conner,Burks,11/19/1995,Ateneo De Manila University,,,
Colten,Rollins,7/11/1993,Ateneo De Manila University,,,
London,Mccarthy,1/14/1998,Ateneo De Manila University,,,
Elias,Ewing,8/12/1994,Ateneo De Manila University,,,
Kara,Petersen,2/24/1993,Ateneo De Manila University,,,
Carla,Vega,3/11/1995,Ateneo De Manila University,,,
Keyon,Mayer,2/20/1997,Ateneo De Manila University,,,
Angelina,Hamilton,6/23/1997,Ateneo De Manila University,,,
Amalia,Gallegos,5/21/1997,Ateneo De Manila University,,,
Meadow,Mccoy,12/8/1993,Ateneo De Manila University,,,
Barrett,Mills,3/6/1996,Ateneo De Manila University,,,
Pierce,Hester,5/18/1992,Ateneo De Manila University,,,
Shane,Cherry,1/24/1993,Ateneo De Manila University,,,
Grady,Soto,5/9/1995,Ateneo De Manila University,,,
Phillip,Murray,3/9/1996,Ateneo De Manila University,,,
Grant,Hebert,4/1/1996,Ateneo De Manila University,,,
Lucia,Clarke,1/24/1993,Ateneo De Manila University,,,
Cale,Carey,12/2/1996,Ateneo De Manila University,,,
Haylie,Shepherd,2/3/1997,Ateneo De Manila University,,,
Julian,Cunningham,9/7/1996,Ateneo De Manila University,,,
Demi,Boone,4/15/1996,Ateneo De Manila University,,,
Eleanor,Larsen,3/30/1994,Ateneo De Manila University,,,
Janet,Knapp,1/9/1995,Ateneo De Manila University,,,
Dominick,Mercer,5/16/1996,Ateneo De Manila University,,,
Jayden,Aguilar,9/27/1998,Ateneo De Manila University,,,
Matthew,Rosario,12/8/1998,Ateneo De Manila University,,,
Lilia,Meadows,5/22/1996,Ateneo De Manila University,,,
Cade,Bowen,3/31/1993,Ateneo De Manila University,,,
Kyndall,Booth,4/29/1995,Ateneo De Manila University,,,
Terrence,Cook,3/16/1993,Ateneo De Manila University,,,
Trevon,Charles,4/6/1995,Ateneo De Manila University,,,
Ellis,Stark,2/10/1995,Ateneo De Manila University,,,
Warren,Wolfe,5/27/1992,Ateneo De Manila University,,,
Josie,Talley,6/20/1997,Ateneo De Manila University,,,
Blaise,White,8/4/1992,Ateneo De Manila University,,,
Maleah,Haney,4/26/1992,Ateneo De Manila University,,,
Bentley,Walter,8/1/1995,Ateneo De Manila University,,,
Jakayla,Swanson,11/24/1992,Ateneo De Manila University,,,
Lola,Perez,4/8/1995,Ateneo De Manila University,,,
Corban,Sherman,5/18/1994,Ateneo De Manila University,,,
Ruth,Odonnell,8/4/1995,Ateneo De Manila University,,,
London,Stark,6/27/1997,Ateneo De Manila University,,,
Joey,Wood,3/8/1995,Ateneo De Manila University,,,
Jaron,Kirby,1/3/1995,Ateneo De Manila University,,,
Maurice,Ferrell,3/9/1997,Ateneo De Manila University,,,
Pearl,Robles,1/28/1998,Ateneo De Manila University,,,
Harvey,Love,10/13/1995,Ateneo De Manila University,,,
Fabian,Calderon,8/11/1996,Ateneo De Manila University,,,
Danna,Weaver,11/20/1993,Ateneo De Manila University,,,
Jasmine,Juarez,11/26/1996,Ateneo De Manila University,,,
Mattie,Mullins,1/10/1994,Ateneo De Manila University,,,
Jayden,Burton,7/1/1994,Ateneo De Manila University,,,
Leonardo,Knight,11/19/1998,Ateneo De Manila University,,,
Soren,Riley,4/1/1998,Ateneo De Manila University,,,
Maxwell,Holloway,10/28/1998,Ateneo De Manila University,,,
Esmeralda,Rose,1/28/1997,Ateneo De Manila University,,,
Wendy,Hickman,10/10/1998,Ateneo De Manila University,,,
James,Avery,9/25/1996,Ateneo De Manila University,,,
Madilyn,Chavez,7/21/1994,Ateneo De Manila University,,,
Aiyana,Blankenship,12/7/1992,Ateneo De Manila University,,,
Johan,Kelly,12/9/1996,Ateneo De Manila University,,,
Rachel,Griffith,7/17/1996,Ateneo De Manila University,,,
Bowen,Harrington,12/28/1996,Ateneo De Manila University,,,
Sidney,Edwards,5/30/1992,Ateneo De Manila University,,,
Hendrix,Hughes,12/20/1993,Ateneo De Manila University,,,
Aviana,Reeves,5/2/1995,Ateneo De Manila University,,,
Jaydon,Hartman,2/28/1998,Ateneo De Manila University,,,
Lennon,Cline,12/22/1992,Ateneo De Manila University,,,
Kyndall,Powers,8/25/1997,Ateneo De Manila University,,,
Darwin,Patterson,10/4/1993,Ateneo De Manila University,,,
Maya,Waller,12/9/1995,Ateneo De Manila University,,,
Maddison,Hernandez,11/15/1995,Ateneo De Manila University,,,
Taliyah,Rowland,9/8/1995,Ateneo De Manila University,,,
Danielle,Justice,5/30/1993,Ateneo De Manila University,,,
Ethan,Good,8/16/1994,Ateneo De Manila University,,,
Chanel,Wallace,10/14/1992,Ateneo De Manila University,,,
Adyson,Clayton,1/25/1998,Ateneo De Manila University,,,
Aryan,Mendez,9/2/1994,Ateneo De Manila University,,,
Anna,Flynn,9/8/1995,Ateneo De Manila University,,,
Raelyn,Garza,9/14/1993,Ateneo De Manila University,,,
Desmond,Gamble,7/20/1997,Ateneo De Manila University,,,
Kason,Watts,11/8/1993,Ateneo De Manila University,,,
Elliana,Ferguson,1/4/1996,Ateneo De Manila University,,,
Otto,Higgins,8/23/1992,Ateneo De Manila University,,,
Thalia,Gonzalez,6/2/1993,Ateneo De Manila University,,,
Maia,Vaughan,1/11/1993,Ateneo De Manila University,,,
Melina,Justice,3/1/1995,Ateneo De Manila University,,,
Eden,Herrera,12/30/1996,Ateneo De Manila University,,,
April,Massey,9/9/1998,Ateneo De Manila University,,,
Laila,Hatfield,4/13/1996,Ateneo De Manila University,,,
Hudson,Skinner,6/23/1992,Ateneo De Manila University,,,
Riley,Blankenship,8/16/1993,Ateneo De Manila University,,,
Rodolfo,Hernandez,2/6/1997,Ateneo De Manila University,,,
Kason,Morris,4/9/1998,Ateneo De Manila University,,,
Lilian,Parsons,4/22/1996,Ateneo De Manila University,,,
Davon,Valencia,4/17/1994,Ateneo De Manila University,,,
Edith,Dyer,11/16/1993,Ateneo De Manila University,,,
Kaelyn,Harding,3/26/1995,Ateneo De Manila University,,,
Lewis,Frye,5/24/1995,Ateneo De Manila University,,,
Anika,Dickerson,3/28/1998,Ateneo De Manila University,,,
Jeffery,Alston,9/19/1996,Ateneo De Manila University,,,
Jordan,Lott,9/26/1994,Ateneo De Manila University,,,
Janelle,Beasley,9/10/1994,Ateneo De Manila University,,,
Carlee,Howe,7/29/1992,Ateneo De Manila University,,,
Drew,Foley,7/17/1997,Ateneo De Manila University,,,
Javion,Sampson,11/15/1993,Ateneo De Manila University,,,
Gaige,Wilkinson,6/4/1993,Ateneo De Manila University,,,
Skylar,Young,5/14/1997,Ateneo De Manila University,,,
Carlee,Davenport,3/27/1994,Ateneo De Manila University,,,
Renata,Kidd,2/15/1998,Ateneo De Manila University,,,
Silas,Terrell,2/19/1997,Ateneo De Manila University,,,
Melvin,Cannon,10/25/1995,Ateneo De Manila University,,,
Emery,Hunt,7/6/1998,Ateneo De Manila University,,,
Nathaly,Head,11/28/1992,Ateneo De Manila University,,,
Justus,Best,10/29/1997,Ateneo De Manila University,,,
Quentin,Camacho,9/5/1997,Ateneo De Manila University,,,
Elin,Wynn,3/20/1994,Ateneo De Manila University,,,
Samuel,Marks,1/20/1992,Ateneo De Manila University,,,
Sage,Case,2/17/1998,Ateneo De Manila University,,,
Julian,Warren,12/15/1996,Ateneo De Manila University,,,
Connor,Davenport,5/7/1997,Ateneo De Manila University,,,
Alfonso,Johns,4/3/1997,Ateneo De Manila University,,,
Nehemiah,Gallegos,6/14/1997,Ateneo De Manila University,,,
Alimurong,Ava Danica,1/28/1990,De La Salle University,,,
Baldemor,Deanne Cayne,3/28/1990,De La Salle University,,,
Baluca,Karl Mikhail,2/28/1992,De La Salle University,,,
Banawa,Yuri,5/9/1990,De La Salle University,,,
Banda,Veeyay Rexel,8/5/1990,De La Salle University,,,
Barin,Laurence Daryl,8/7/1990,De La Salle University,,,
Barros,Renzell David,3/7/1992,De La Salle University,,,
Camilon,Vincent Ulap,3/16/1992,De La Salle University,,,
Caares,Raffy,10/31/1990,De La Salle University,,,
Capistrano,Neil Cydric,9/28/1990,De La Salle University,,,
Casas,Paula Andrea,4/28/1992,De La Salle University,,,
Cauyao,Bianca Marie,8/29/1992,De La Salle University,,,
Cayabyab,George Jose,9/30/1990,De La Salle University,,,
Centeno,Aztec Daniel,10/25/1992,De La Salle University,,,
Cereno Iv,Ramon Jericho,11/6/1990,De La Salle University,,,
Cobankiat,Ralph Reinier,11/6/1992,De La Salle University,,,
Dagunton,Dominique,2/16/1991,De La Salle University,,,
De Guzman,Alvin,6/24/1991,De La Salle University,,,
Dela Cruz,Kevin Michael,1/26/1993,De La Salle University,,,
Diaz,Gian Bernnice,7/21/1991,De La Salle University,,,
Divinagracia,Jonas Lanz,2/17/1993,De La Salle University,,,
Ebol,Kurt Ryu Josef,11/6/1991,De La Salle University,,,
Espiritu,Alexander Jr.,12/17/1991,De La Salle University,,,
Fernandez,Francis John,12/19/1991,De La Salle University,,,
Flores,Markus Luis,4/20/1993,De La Salle University,,,
Francisco,Antonio Jorge,3/30/1992,De La Salle University,,,
Galang,Paul Armand,4/12/1992,De La Salle University,,,
Gellada,Lorenzo,6/13/1993,De La Salle University,,,
Isidro,Reynaldo Miguel,4/16/1992,De La Salle University,,,
Isleta,Timothy Lawrence,6/10/1992,De La Salle University,,,
Jarina,Paul Jason,7/3/1993,De La Salle University,,,
King,Hannie Rachel,12/16/1993,De La Salle University,,,
Laguio,Juliano,7/10/1992,De La Salle University,,,
Laid,Ana Francesca,4/26/1994,De La Salle University,,,
Lariza,Christian Jasper,11/16/1994,De La Salle University,,,
Libed,Karmela Louise,9/14/1993,De La Salle University,,,
Limheya,Aldrich,4/22/1990,De La Salle University,,,
Lopez-Pozas,Julia Anastasha,5/13/1990,De La Salle University,,,
Magtoto,Aliana,11/22/1993,De La Salle University,,,
Malabuyo,Karl Isaac,11/26/1993,De La Salle University,,,
Mariano,Jose Gabriel,7/28/1990,De La Salle University,,,
Medina,Frances Adrianne,4/23/1994,De La Salle University,,,
Mendoza,Lourdes,9/24/1992,De La Salle University,,,
Mendoza,Ronnel,12/23/1994,De La Salle University,,,
Metharam,John Carlo,9/23/1990,De La Salle University,,,
Miguel,John Christian,1/31/1991,De La Salle University,,,
Molina,Ieko Lo,6/7/1990,De La Salle University,,,
Oblepias,Gienoe,10/7/1990,De La Salle University,,,
Oate,Kim,12/11/1990,De La Salle University,,,
Ordones,Jan Pauline Mae,11/9/1990,De La Salle University,,,
Panaligan,Jushmel,3/17/1991,De La Salle University,,,
Parayno,Richard Lance,3/30/1991,De La Salle University,,,
Payumo,Ralitsa Edna,5/16/1991,De La Salle University,,,
Perez,Sean,7/29/1991,De La Salle University,,,
Ranario,Daniel,8/25/1991,De La Salle University,,,
Reyes,Christian Glenn,5/11/1991,De La Salle University,,,
Ricafort,Julienne Michaela,10/7/1991,De La Salle University,,,
Samontina,Timothy Pierce,11/8/1991,De La Salle University,,,
San Pedro,Elijah,1/20/1993,De La Salle University,,,
Santos,Christin,1/12/1990,De La Salle University,,,
Sayson,Rafael Santiago,2/3/1990,De La Salle University,,,
Silan,Christian Erin Faith,3/31/1990,De La Salle University,,,
Songco,Maria Geraldine,4/17/1990,De La Salle University,,,
Tan,Angel Phonzo,4/22/1990,De La Salle University,,,
Tan,Arvin Lauren,5/13/1990,De La Salle University,,,
Tan,Carl Aaron,7/14/1993,De La Salle University,,,
Tan,Cathrina Eloisa,8/28/1993,De La Salle University,,,
Tan,Elizabeth,1/31/1994,De La Salle University,,,
Tanenggee,Marc Glennrick,10/20/1991,De La Salle University,,,
Tayong,Denmark,3/19/1994,De La Salle University,,,
Tin,Darrell Dane,6/17/1994,De La Salle University,,,
Toleran Jr.,Manuel Carl,11/20/1991,De La Salle University,,,
Young,Robin,1/23/1992,De La Salle University,,,
Zamora,Abigail,6/20/1994,De La Salle University,,,
Kayson ,Riggs,2/12/1995,De La Salle University,,,
Ezra,Mclean,1/6/1986,De La Salle University,,,
Whitney,Bryan,2/5/1988,De La Salle University,,,
Brycen,Ortega,8/30/2010,Ateneo De Manila University,,,
Adele,Alexander,5/6/1988,Ateneo De Manila University,,,
Sergio,Castro,1/28/1989,Ateneo De Manila University,,,
Celeste,Nash,12/12/2000,Lyceum of the Philippines University,,,
Audrey,Hoffman,11/8/1997,Mapua Institute of Technology,,,
Bailey,Pierce,7/11/2004,Mapua Institute of Technology,,,
Miles,Farmer,4/8/2010,Mapua Institute of Technology,,,
Messiah,Terry,12/12/2006,De La Salle University,,,
Arabella,Osborne,9/27/1993,De La Salle University,,,
Natalee,Navarro,11/30/2005,De La Salle University,,,
April,Sanchez,2/15/1999,De La Salle University,,,
Jose,Hodge,11/17/2004,Ateneo De Manila University,,,
Cannon,Marquez,7/12/2000,Ateneo De Manila University,,,
Gunner,Pennington,10/23/1990,University of Santo Tomas,,,
Jordan,Wiley,9/1/2007,University of Santo Tomas,,,
Raven,Avila,1/13/2008,De La Salle University,,,
Ryan,Gentry,5/4/1993,Mapua Institute of Technology,,,
Aila,Callahan,6/23/1995,University of the Philippines,,,
Tiana,Patterson,2/17/2007,Lyceum of the Philippines University,,,
Aubri,Gutierrez,2/19/1989,University of Santo Tomas,,,
Valentina,Mack,5/21/1996,University of Santo Tomas,,,
Darwin,Winters,1/14/1988,De La Salle University,,,
Zain,Spencer,8/25/1986,De La Salle University,,,
Tatiana,Mcneil,8/3/1994,University of Santo Tomas,,,
Yehuda,Griffith,8/14/1999,University of the Philippines,,,
Cecelia,Rhodes,3/25/1992,Lyceum of the Philippines University,,,
Olivia,Hodge,6/26/1994,Lyceum of the Philippines University,,,
Leslie,Sparks,9/6/1998,University of the Philippines,,,
Hank,Lloyd,6/2/1988,Lyceum of the Philippines University,,,
Leighton,Daniel,1/7/1993,Lyceum of the Philippines University,,,
Madisyn,Barrera,11/11/1996,University of the Philippines,,,
Priscila,Snow,6/16/1989,Systems Technology Institute,,,
Kenzie,Dejesus,7/9/1985,Systems Technology Institute,,,
Braylin,Reese,5/10/1985,University of Santo Tomas,,,
Major,Gilmore,5/6/1995,University of the Philippines,,,
Amiya,Mccoy,9/7/1999,University of the Philippines,,,
Angel,Chan,4/3/2002,University of the Philippines,,,
Michael,Fuentes,9/9/2006,Lyceum of the Philippines University,,,
Lina,Carson,11/12/2009,Systems Technology Institute,,,
Emilie,Joyce,10/5/1992,De La Salle University,,,
Ruben,Dennis,4/12/1998,Ateneo De Manila University,,,
Ryder,Leach,2/25/1992,Ateneo De Manila University,,,
Rihanna,Blair,7/25/2004,Systems Technology Institute,,,
Jolene,Rice,9/2/1990,Systems Technology Institute,,,
Shelby,Stein,3/30/1997,Mapua Institute of Technology,,,
Charlee,Nicholson,11/11/2004,Lyceum of the Philippines University,,,
Breanna,Hughes,3/9/2007,De La Salle University,,,
